<?xml version="1.0" encoding="UTF-8" ?>
<!DOCTYPE mapper
PUBLIC "-//mybatis.org//DTD Mapper 3.0//EN"
"http://mybatis.org/dtd/mybatis-3-mapper.dtd">
<mapper namespace="com.zxy.project.system.active.mapper.ActiveMapper">
    
    <resultMap type="Active" id="ActiveResult">
        <result property="id"    column="id"    />
        <result property="activeName"    column="active_name"    />
        <result property="activeDate"    column="active_date"    />
        <result property="activeStatus"    column="active_status"    />
    </resultMap>

    <sql id="selectActiveVo">
        select id, active_name, active_date, active_status from active
    </sql>

    <select id="selectActiveList" parameterType="Active" resultMap="ActiveResult">
        <include refid="selectActiveVo"/>
        <where>  
            <if test="activeName != null  and activeName != ''"> and active_name like concat('%', #{activeName}, '%')</if>
            <if test="activeDate != null "> and active_date = #{activeDate}</if>
            <if test="activeStatus != null "> and active_status = #{activeStatus}</if>
        </where>
    </select>
    
    <select id="selectActiveById" parameterType="Integer" resultMap="ActiveResult">
        <include refid="selectActiveVo"/>
        where id = #{id}
    </select>
        
    <insert id="insertActive" parameterType="Active" useGeneratedKeys="true" keyProperty="id">
        insert into active
        <trim prefix="(" suffix=")" suffixOverrides=",">
            <if test="activeName != null and activeName != ''">active_name,</if>
            <if test="activeDate != null">active_date,</if>
            <if test="activeStatus != null">active_status,</if>
         </trim>
        <trim prefix="values (" suffix=")" suffixOverrides=",">
            <if test="activeName != null and activeName != ''">#{activeName},</if>
            <if test="activeDate != null">#{activeDate},</if>
            <if test="activeStatus != null">#{activeStatus},</if>
         </trim>
    </insert>

    <update id="updateActive" parameterType="Active">
        update active
        <trim prefix="SET" suffixOverrides=",">
            <if test="activeName != null and activeName != ''">active_name = #{activeName},</if>
            <if test="activeDate != null">active_date = #{activeDate},</if>
            <if test="activeStatus != null">active_status = #{activeStatus},</if>
        </trim>
        where id = #{id}
    </update>

    <delete id="deleteActiveById" parameterType="Integer">
        delete from active where id = #{id}
    </delete>

    <delete id="deleteActiveByIds" parameterType="String">
        delete from active where id in 
        <foreach item="id" collection="array" open="(" separator="," close=")">
            #{id}
        </foreach>
    </delete>

</mapper>