<?xml version="1.0" encoding="UTF-8" ?>
<!DOCTYPE mapper
PUBLIC "-//mybatis.org//DTD Mapper 3.0//EN"
"http://mybatis.org/dtd/mybatis-3-mapper.dtd">
<mapper namespace="com.zxy.project.system.prize.mapper.ActivePrizeMapper">
    
    <resultMap type="ActivePrize" id="ActivePrizeResult">
        <result property="id"    column="id"    />
        <result property="activeId"    column="active_id"    />
        <result property="prizeName"    column="prize_name"    />
        <result property="prizeValue"    column="prize_value"    />
        <result property="prizeNumber"    column="prize_number"    />
        <result property="ifPrize"    column="if_prize"    />
        <result property="orderNum"    column="order_num"    />
    </resultMap>

    <sql id="selectActivePrizeVo">
        select id, active_id, prize_name, prize_value, prize_number, if_prize, order_num from active_prize
    </sql>

    <select id="selectActivePrizeList" parameterType="ActivePrize" resultMap="ActivePrizeResult">
        <include refid="selectActivePrizeVo"/>
        <where>  
            <if test="activeId != null "> and active_id = #{activeId}</if>
            <if test="prizeName != null  and prizeName != ''"> and prize_name like concat('%', #{prizeName}, '%')</if>
            <if test="prizeValue != null and prizeValue != ''"> and prize_value = #{prizeValue}</if>
            <if test="prizeNumber != null "> and prize_number = #{prizeNumber}</if>
            <if test="ifPrize != null "> and if_prize = #{ifPrize}</if>
            <if test="orderNum != null "> and order_num = #{orderNum}</if>
        </where>
        order by order_num
    </select>
    
    <select id="selectActivePrizeById" parameterType="String" resultMap="ActivePrizeResult">
        <include refid="selectActivePrizeVo"/>
        where id = #{id}
    </select>
        
    <insert id="insertActivePrize" parameterType="ActivePrize" useGeneratedKeys="true" keyProperty="id">
        insert into active_prize
        <trim prefix="(" suffix=")" suffixOverrides=",">
            <if test="activeId != null">active_id,</if>
            <if test="prizeName != null and prizeName != ''">prize_name,</if>
            <if test="prizeValue != null and prizeValue != ''">prize_value,</if>
            <if test="prizeNumber != null">prize_number,</if>
            <if test="ifPrize != null">if_prize,</if>
            <if test="orderNum != null">order_num,</if>
         </trim>
        <trim prefix="values (" suffix=")" suffixOverrides=",">
            <if test="activeId != null">#{activeId},</if>
            <if test="prizeName != null and prizeName != ''">#{prizeName},</if>
            <if test="prizeValue != null and prizeValue != ''">#{prizeValue},</if>
            <if test="prizeNumber != null">#{prizeNumber},</if>
            <if test="ifPrize != null">#{ifPrize},</if>
            <if test="orderNum != null">#{orderNum},</if>
         </trim>
    </insert>

    <update id="updateActivePrize" parameterType="ActivePrize">
        update active_prize
        <trim prefix="SET" suffixOverrides=",">
            <if test="activeId != null">active_id = #{activeId},</if>
            <if test="prizeName != null and prizeName != ''">prize_name = #{prizeName},</if>
            <if test="prizeValue != null and prizeValue != ''">prize_value = #{prizeValue},</if>
            <if test="prizeNumber != null">prize_number = #{prizeNumber},</if>
            <if test="ifPrize != null">if_prize = #{ifPrize},</if>
            <if test="orderNum != null">order_num = #{orderNum},</if>
        </trim>
        where id = #{id}
    </update>

    <delete id="deleteActivePrizeById" parameterType="String">
        delete from active_prize where id = #{id}
    </delete>

    <delete id="deleteActivePrizeByIds" parameterType="String">
        delete from active_prize where id in 
        <foreach item="id" collection="array" open="(" separator="," close=")">
            #{id}
        </foreach>
    </delete>

</mapper>