<?xml version="1.0" encoding="UTF-8" ?>
<!DOCTYPE mapper
PUBLIC "-//mybatis.org//DTD Mapper 3.0//EN"
"http://mybatis.org/dtd/mybatis-3-mapper.dtd">
<mapper namespace="com.zxy.project.system.record.mapper.LotteryRecordMapper">
    
    <resultMap type="LotteryRecord" id="LotteryRecordResult">
        <result property="id"    column="id"    />
        <result property="userId"    column="user_id"    />
        <result property="userName"    column="user_name"    />
        <result property="serialNumber"    column="serial_number"    />
        <result property="activeId"    column="active_id"    />
        <result property="activeName"    column="active_name"    />
        <result property="prizeStatus"    column="prize_status"    />
        <result property="prizeType"    column="prize_type"    />
        <result property="prizeValue"    column="prize_value"    />
        <result property="prizeTime"    column="prize_time"    />
    </resultMap>

    <sql id="selectLotteryRecordVo">
        SELECT
            l.id,
            l.user_id,
            u.user_name,
            u.serial_number,
            l.active_id,
            a.active_name,
            l.prize_status,
            l.prize_type,
            l.prize_value,
            l.prize_time
        FROM
            lottery_record l
        INNER JOIN sys_user u ON l.user_id = u.user_id
        INNER JOIN active a ON l.active_id = a.id
    </sql>

    <select id="selectLotteryRecordList" parameterType="LotteryRecord" resultMap="LotteryRecordResult">
        <include refid="selectLotteryRecordVo"/>
        <where>
            <if test="userId != null "> and l.user_id = #{userId}</if>
            <if test="activeId != null "> and l.active_id = #{activeId}</if>
            <if test="prizeStatus != null "> and l.prize_status = #{prizeStatus}</if>
            <if test="prizeType != null  and prizeType != ''"> and l.prize_type = #{prizeType}</if>
        </where>
    </select>
    
    <select id="selectLotteryRecordById" parameterType="Integer" resultMap="LotteryRecordResult">
        <include refid="selectLotteryRecordVo"/>
        where l.id = #{id}
    </select>
        
    <insert id="insertLotteryRecord" parameterType="LotteryRecord" useGeneratedKeys="true" keyProperty="id">
        insert into lottery_record
        <trim prefix="(" suffix=")" suffixOverrides=",">
            <if test="userId != null">user_id,</if>
            <if test="activeId != null">active_id,</if>
            <if test="prizeStatus != null">prize_status,</if>
            <if test="prizeType != null and prizeType != ''">prize_type,</if>
            <if test="prizeValue != null and prizeValue != ''">prize_value,</if>
            <if test="prizeTime != null">prize_time,</if>
         </trim>
        <trim prefix="values (" suffix=")" suffixOverrides=",">
            <if test="userId != null">#{userId},</if>
            <if test="activeId != null">#{activeId},</if>
            <if test="prizeStatus != null">#{prizeStatus},</if>
            <if test="prizeType != null and prizeType != ''">#{prizeType},</if>
            <if test="prizeValue != null and prizeValue != ''">#{prizeValue},</if>
            <if test="prizeTime != null">#{prizeTime},</if>
         </trim>
    </insert>

    <update id="updateLotteryRecord" parameterType="LotteryRecord">
        update lottery_record
        <trim prefix="SET" suffixOverrides=",">
            <if test="userId != null">user_id = #{userId},</if>
            <if test="activeId != null">active_id = #{activeId},</if>
            <if test="prizeStatus != null">prize_status = #{prizeStatus},</if>
            <if test="prizeType != null and prizeType != ''">prize_type = #{prizeType},</if>
            <if test="prizeValue != null and prizeValue != ''">prize_value = #{prizeValue},</if>
            <if test="prizeTime != null">prize_time = #{prizeTime},</if>
        </trim>
        where id = #{id}
    </update>

    <delete id="deleteLotteryRecordById" parameterType="Integer">
        delete from lottery_record where id = #{id}
    </delete>

    <delete id="deleteLotteryRecordByIds" parameterType="String">
        delete from lottery_record where id in 
        <foreach item="id" collection="array" open="(" separator="," close=")">
            #{id}
        </foreach>
    </delete>

</mapper>